id,employeeId,employeeName,location,phoneNumber,role,salary
1,1,employee 1,Chennai,9998887776,Manager,50000
2,2,employee 2,Banglore,9998887777,Product Owner,61000
3,3,employee 3,Pune,9998887778,Developer,72000
4,4,employee 4,Vizag,9998887779,Manager,83000
5,5,employee 5,Hyderabad,9998887780,Architect,94000
6,6,employee 6,Mumbai,9998887781,Developer,82000
7,7,employee 7,Delhi,9998887782,Tester,55000
8,8,employee 8,Thiruvananthapuram,9998887783,CI,66000
9,9,employee 9,Coimbatore,9998887784,Manager,77000
10,10,employee 10,Kochi,9998887785,Product Owner,88000
11,11,employee 11,Chennai,9998887786,Developer,99000
12,12,employee 12,Banglore,9998887787,Manager,87000
13,13,employee 13,Pune,9998887788,Architect,55000
14,14,employee 14,Vizag,9998887789,Developer,66000
15,15,employee 15,Hyderabad,9998887790,Tester,77000
16,16,employee 16,Mumbai,9998887791,CI,88000
17,17,employee 17,Delhi,9998887792,Manager,99000
18,18,employee 18,Thiruvananthapuram,9998887793,Product Owner,87000
19,19,employee 19,Coimbatore,9998887794,Developer,50000
20,20,employee 20,Kochi,9998887795,Manager,61000
21,21,employee 21,Chennai,9998887796,Architect,72000
22,22,employee 22,Banglore,9998887797,Developer,83000
23,23,employee 23,Pune,9998887798,Tester,94000
24,24,employee 24,Vizag,9998887799,CI,82000
25,25,employee 25,Hyderabad,9998887800,Manager,55000
26,26,employee 26,Mumbai,9998887801,Product Owner,66000
27,27,employee 27,Delhi,9998887802,Developer,77000
28,28,employee 28,Thiruvananthapuram,9998887803,Manager,88000
29,29,employee 29,Coimbatore,9998887804,Architect,99000
30,30,employee 30,Kochi,9998887805,Developer,87000
31,31,employee 31,Chennai,9998887806,Tester,55000
32,32,employee 32,Banglore,9998887807,CI,66000
33,33,employee 33,Pune,9998887808,Manager,77000
34,34,employee 34,Vizag,9998887809,Product Owner,88000
35,35,employee 35,Hyderabad,9998887810,Developer,99000
36,36,employee 36,Mumbai,9998887811,Manager,87000
37,37,employee 37,Delhi,9998887812,Architect,50000
38,38,employee 38,Thiruvananthapuram,9998887813,Developer,61000
39,39,employee 39,Coimbatore,9998887814,Tester,72000
40,40,employee 40,Kochi,9998887815,CI,83000
41,41,employee 41,Chennai,9998887816,Manager,94000
42,42,employee 42,Banglore,9998887817,Product Owner,82000
43,43,employee 43,Pune,9998887818,Developer,55000
44,44,employee 44,Vizag,9998887819,Manager,66000
45,45,employee 45,Hyderabad,9998887820,Architect,77000
46,46,employee 46,Mumbai,9998887821,Developer,88000
47,47,employee 47,Delhi,9998887822,Tester,99000
48,48,employee 48,Thiruvananthapuram,9998887823,CI,87000
49,49,employee 49,Coimbatore,9998887824,Manager,55000
50,50,employee 50,Kochi,9998887825,Product Owner,66000
51,51,employee 51,Chennai,9998887826,Developer,77000
52,52,employee 52,Banglore,9998887827,Manager,88000
53,53,employee 53,Pune,9998887828,Architect,99000
54,54,employee 54,Vizag,9998887829,Developer,87000
55,55,employee 55,Hyderabad,9998887830,Tester,50000
56,56,employee 56,Mumbai,9998887831,CI,61000
57,57,employee 57,Delhi,9998887832,Manager,72000
58,58,employee 58,Thiruvananthapuram,9998887833,Product Owner,83000
59,59,employee 59,Coimbatore,9998887834,Developer,94000
60,60,employee 60,Kochi,9998887835,Manager,82000
61,61,employee 61,Chennai,9998887836,Architect,55000
62,62,employee 62,Banglore,9998887837,Developer,66000
63,63,employee 63,Pune,9998887838,Tester,77000
64,64,employee 64,Vizag,9998887839,CI,88000
65,65,employee 65,Hyderabad,9998887840,Manager,99000
66,66,employee 66,Mumbai,9998887841,Product Owner,87000
67,67,employee 67,Delhi,9998887842,Developer,55000
68,68,employee 68,Thiruvananthapuram,9998887843,Manager,66000
69,69,employee 69,Coimbatore,9998887844,Architect,77000
70,70,employee 70,Kochi,9998887845,Developer,88000
71,71,employee 71,Chennai,9998887846,Tester,99000
72,72,employee 72,Banglore,9998887847,CI,87000
73,73,employee 73,Pune,9998887848,Manager,50000
74,74,employee 74,Vizag,9998887849,Product Owner,61000
75,75,employee 75,Hyderabad,9998887850,Developer,72000
76,76,employee 76,Mumbai,9998887851,Manager,83000
77,77,employee 77,Delhi,9998887852,Architect,94000
78,78,employee 78,Thiruvananthapuram,9998887853,Developer,82000
79,79,employee 79,Coimbatore,9998887854,Tester,55000
80,80,employee 80,Kochi,9998887855,CI,66000
81,81,employee 81,Chennai,9998887856,Manager,77000
82,82,employee 82,Banglore,9998887857,Product Owner,88000
83,83,employee 83,Pune,9998887858,Developer,99000
84,84,employee 84,Vizag,9998887859,Manager,87000
85,85,employee 85,Hyderabad,9998887860,Architect,55000
86,86,employee 86,Mumbai,9998887861,Developer,66000
87,87,employee 87,Delhi,9998887862,Tester,77000
88,88,employee 88,Thiruvananthapuram,9998887863,CI,88000
89,89,employee 89,Coimbatore,9998887864,Manager,99000
90,90,employee 90,Kochi,9998887865,Product Owner,87000
91,91,employee 91,Chennai,9998887866,Developer,50000
92,92,employee 92,Banglore,9998887867,Manager,61000
93,93,employee 93,Pune,9998887868,Architect,72000
94,94,employee 94,Vizag,9998887869,Developer,83000
95,95,employee 95,Hyderabad,9998887870,Tester,94000
96,96,employee 96,Mumbai,9998887871,CI,82000
97,97,employee 97,Delhi,9998887872,Developer,55000
98,98,employee 98,Thiruvananthapuram,9998887873,Developer,66000
99,99,employee 99,Coimbatore,9998887874,Developer,77000
100,100,employee 100,Kochi,9998887875,Developer,88000
